﻿"Код пользователя";"Позиция";"Роль";"Логин";"Направление";"Нас. Пункт";"Управление"
"USE001";"Суперадминистратор";"SUPERADMIN";"SUPERADMIN";"Алматы";"Алматы";""
"USE00000635";"Администратор 1";"Координатор идей";"demo.tsa.admin";"Алматы";"Алматы";"TSA Суперадминистратор"
"USE00000195";"БАТ ГО";"Пользователь";"195";"Алматы";"";"Администратор Демо"
"USE00000196";"TT Нурлан";"ТТ";"196";"Алматы";"";"Администратор Демо"
"USE00000197";"Менеджер идей";"Менеджер";"197";"Алматы";"";"ТЕСТОВОЕ АГЕНТСТВО"
"USE00000199";"Администратор";"Координатор идей";"admin.demo";"Алматы";"";"TSA Суперадминистратор"
"USE00000210";"Аян Сапаров";"Пользователь";"7777777777";"Алматы";"";"DEMO 1"
"USE00000216";"Светлана Бадко";"Пользователь";"7077777777";"Алматы";"";"DEMO 2"
"USE00000225";"Ренат  Нурланов ";"Менеджер";"apv2";"Алматы";"";"1 Администратор"
"USE00000228";"Кайрат Досаев";"Координатор идей";"Apv1";"Алматы";"";""
"USE00000229";"Евгения Диковенко";"Пользователь";"7776345919";"Алматы";"";"Супервайзер (ТЕСТ)"
"USE00000231";"Дмитрий Гилев";"Пользователь";"dg1";"Алматы";"";"Супервайзер (ТЕСТ)"
"USE00000232";"Светлана Хан";"Пользователь";"Use1";"Алматы";"";"1 Администратор"
